{
  "hypervolume": 182.6593040118757,
  "spacing": 0.22380468674510803,
  "maximum_spread": 3431.77392578125,
  "n_solutions": 27,
  "mean_objectives": [
    1.918375849723816,
    -6.0513997077941895,
    -9.077098846435547,
    -12.102799415588379
  ],
  "std_objectives": [
    1.0222883224487305,
    2.0192816257476807,
    3.0289223194122314,
    4.038563251495361
  ]
}