{
  "hypervolume": 3.3394423877297505,
  "spacing": 0.08865126806604572,
  "maximum_spread": 23.405868530273438,
  "n_solutions": 27,
  "mean_objectives": [
    1.918375849723816,
    -6.0513997077941895
  ],
  "std_objectives": [
    1.0222883224487305,
    2.0192816257476807
  ]
}