{
  "hypervolume": 0.0,
  "spacing": 36781.91815362798,
  "maximum_spread": 3164032790.674371,
  "n_solutions": 12,
  "mean_objectives": [
    678801.0709857389,
    -2602.385918658404
  ],
  "std_objectives": [
    362602.89321739867,
    715.7547457969932
  ]
}