{
  "hypervolume": 0.0,
  "spacing": 38484.99167874847,
  "maximum_spread": 3240121883.05753,
  "n_solutions": 12,
  "mean_objectives": [
    674077.6944079406,
    -2591.5280241758987
  ],
  "std_objectives": [
    362631.35985482845,
    726.3333763082242
  ]
}