{
  "hypervolume": 0.0,
  "spacing": 37439.59160129341,
  "maximum_spread": 3197991103.676536,
  "n_solutions": 12,
  "mean_objectives": [
    677177.9707011449,
    -2599.3954526292696
  ],
  "std_objectives": [
    362738.8366442714,
    720.441571427006
  ]
}