{
  "hypervolume": 0.0,
  "spacing": 36746.08895473405,
  "maximum_spread": 3140826660.8255987,
  "n_solutions": 12,
  "mean_objectives": [
    679336.0673351615,
    -2606.8729067107924
  ],
  "std_objectives": [
    362582.6096060861,
    711.6970603255119
  ]
}