{
  "hypervolume": 3.0485673289539714,
  "spacing": 0.21992818010991985,
  "maximum_spread": 27.119096755981445,
  "n_solutions": 26,
  "mean_objectives": [
    2.1521592140197754,
    -6.614365577697754
  ],
  "std_objectives": [
    0.9966999888420105,
    1.8502702713012695
  ]
}