{
  "hypervolume": 3.5891158438419017,
  "spacing": 0.16582899256721817,
  "maximum_spread": 25.63005828857422,
  "n_solutions": 26,
  "mean_objectives": [
    1.8931266069412231,
    -6.036003112792969
  ],
  "std_objectives": [
    0.9279053211212158,
    1.8566482067108154
  ]
}